comment_id,video_id,text,text_original,author_display_name,author_profile_image_url,author_channel_url,author_channel_id,like_count,published_at,updated_at,is_reply,parent_id,total_reply_count,is_valid,extracted_at
UgwAbUSBAtckakFGp1p4AaABAg.ANhjAfyopFFANhkGLf_hDN,qjPH9njnaVU,Thanks you for make us listening üéâ!,Thanks you for make us listening üéâ!,@Fearless-ambassador,https://yt3.ggpht.com/ytc/AIdro_lIvodIHR6icW0DuLfG3SGOGO4xwj20LB1hQzQL2U8=s48-c-k-c0x00ffffff-no-rj,http://www.youtube.com/@Fearless-ambassador,UC5PPpQsHV27ZIBqInYLorlQ,0,2025-09-30T19:28:46Z,2025-09-30T19:28:46Z,True,UgwAbUSBAtckakFGp1p4AaABAg.ANhjAfyopFFANhkGLf_hDN,0,True,2025-10-02T18:10:42.085501
UgwAbUSBAtckakFGp1p4AaABAg.ANhjAfyopFFANhlRHU1iiT,qjPH9njnaVU,"anyone who makes fun of the books lex reads is not right, lex is our guy tie guy.","anyone who makes fun of the books lex reads is not right, lex is our guy tie guy.",@brianjohnson1804,https://yt3.ggpht.com/ytc/AIdro_ndeq4cCPWCpVzD4ZNjv17_kQAlKuhx2mX8yOfZtXU=s48-c-k-c0x00ffffff-no-rj,http://www.youtube.com/@brianjohnson1804,UCFnmvhAAbhP3sL6osgbIqyg,1,2025-09-30T19:38:59Z,2025-09-30T19:38:59Z,True,UgwAbUSBAtckakFGp1p4AaABAg.ANhjAfyopFFANhlRHU1iiT,0,True,2025-10-02T18:10:42.085758
UgwAbUSBAtckakFGp1p4AaABAg.ANhjAfyopFFANhmWGNqHKf,qjPH9njnaVU,"Pavel Durov works with Putin, leaking information to him about Russian opposition members. He&#39;s a habitual liar.","Pavel Durov works with Putin, leaking information to him about Russian opposition members. He's a habitual liar.",@SeregaZinin,https://yt3.ggpht.com/xN9t6Gn2sxWj82e4eSE65u2XljLH0RQNGdFrrWHW75VIAKMq_x1XIxoUNWaLw7stCju-Gecg_tQ=s48-c-k-c0x00ffffff-no-rj,http://www.youtube.com/@SeregaZinin,UCUyJWblw8aMBqZkCrM4-XmA,3,2025-09-30T19:48:24Z,2025-09-30T19:48:24Z,True,UgwAbUSBAtckakFGp1p4AaABAg.ANhjAfyopFFANhmWGNqHKf,0,True,2025-10-02T18:10:42.086124
UgwAbUSBAtckakFGp1p4AaABAg.ANhjAfyopFFANho8vxPlDJ,qjPH9njnaVU,who in the right mid would ever listen to MOSSAD ?,who in the right mid would ever listen to MOSSAD ?,@pitstopgarage7835,https://yt3.ggpht.com/ytc/AIdro_ncGRjkZ146LBrO4loCUvJZouqHscqHRoXWKmBQZb7h5g=s48-c-k-c0x00ffffff-no-rj,http://www.youtube.com/@pitstopgarage7835,UC8UXMdrYp6I1S8m-94E1GKg,0,2025-09-30T20:02:42Z,2025-09-30T20:02:42Z,True,UgwAbUSBAtckakFGp1p4AaABAg.ANhjAfyopFFANho8vxPlDJ,0,True,2025-10-02T18:10:42.086296
UgwAbUSBAtckakFGp1p4AaABAg.ANhjAfyopFFANhpNRhKdF_,qjPH9njnaVU,Challenge accepted,Challenge accepted,@suntracker844,https://yt3.ggpht.com/uABnvKbyo01esHHXwJtF_QAugw0cT4qID_THVRB5nbDUrP02veB8PT_gk-zsrN7EapRHOl1QFA=s48-c-k-c0x00ffffff-no-rj,http://www.youtube.com/@suntracker844,UCgP1_gLiR3R2qW07kp3fovQ,0,2025-09-30T20:13:25Z,2025-09-30T20:13:25Z,True,UgwAbUSBAtckakFGp1p4AaABAg.ANhjAfyopFFANhpNRhKdF_,0,True,2025-10-02T18:10:42.086380
Ugyg36Rk27iAcnJXiqJ4AaABAg.ANhlyd_5XxcANhmwXFv4yf,qjPH9njnaVU,@UserMaks2248 –ù–µ—Ç,@UserMaks2248 –ù–µ—Ç,@Pyril_youtube,https://yt3.ggpht.com/SRunXPYPdvps9qMI2rSgppkw0Og7HpT_kvxqqCbObPktZg3pTro-MXijbgy3Hxh18ulVtPMU4Q=s48-c-k-c0x00ffffff-no-rj,http://www.youtube.com/@Pyril_youtube,UCLMSakxGhgtZ-qxxzEX1IEg,72,2025-09-30T19:52:08Z,2025-09-30T19:52:08Z,True,Ugyg36Rk27iAcnJXiqJ4AaABAg.ANhlyd_5XxcANhmwXFv4yf,0,True,2025-10-02T18:10:42.086615
Ugyg36Rk27iAcnJXiqJ4AaABAg.ANhlyd_5XxcANhnQhlHpGS,qjPH9njnaVU,@UserMaks2248 –Ω—É —Å–ø–∞—Å–∏–±–æ...,@UserMaks2248 –Ω—É —Å–ø–∞—Å–∏–±–æ...,@–ö–∞—Ä–ª—Å–æ–Ω–¢–í,https://yt3.ggpht.com/FtEZtuKTTRBbLFk5Q6_swn23V20ML445AjZKJdpjJxAARxb13Zro15l1KMsX_8sv7LEVxXtEeE8=s48-c-k-c0x00ffffff-no-rj,http://www.youtube.com/@%D0%9A%D0%B0%D1%80%D0%BB%D1%81%D0%BE%D0%BD%D0%A2%D0%92,UC4PJQ1qeDMjt_8cSi_cp2zA,30,2025-09-30T19:56:23Z,2025-09-30T19:56:23Z,True,Ugyg36Rk27iAcnJXiqJ4AaABAg.ANhlyd_5XxcANhnQhlHpGS,0,True,2025-10-02T18:10:42.086981
Ugw9rQeg5QaOh7MNlGl4AaABAg,qjPH9njnaVU,I did my PhD as a fellow student  with Nikolai. A very unique person in many ways. Funny fact: by that time they already programmed the VK platform and NO one knew about it in our group. He mentioned that he likes programming a few times :) but we all knew him as this brilliant mathematician.,I did my PhD as a fellow student  with Nikolai. A very unique person in many ways. Funny fact: by that time they already programmed the VK platform and NO one knew about it in our group. He mentioned that he likes programming a few times :) but we all knew him as this brilliant mathematician.,@Mpiman,https://yt3.ggpht.com/mOAetvI4mA-NNigJd5Q0Nw5KKx5yizY_mHIkvSD-QDEY5CW10fruqW9ztdOXipGp6BZtUSgW7A=s48-c-k-c0x00ffffff-no-rj,http://www.youtube.com/@Mpiman,UCZDS7vXmZ_ycFIcuWs-xSzw,261,2025-10-01T13:55:48Z,2025-10-01T14:02:02Z,False,,20,True,2025-10-02T18:10:42.088406
Ugw9rQeg5QaOh7MNlGl4AaABAg.ANjixb_YOcmANk4ZNlk-oj,qjPH9njnaVU,"Also, the first Russian ICPC champion","Also, the first Russian ICPC champion",@postmodernist1848,https://yt3.ggpht.com/S-mLrVCKapyC1rVVJtzA_chhzJORgxAT44IAfmdKd84r-PaKu97UfSN9X4UcnacYijmMP0ZEhw=s48-c-k-c0x00ffffff-no-rj,http://www.youtube.com/@postmodernist1848,UC_VU9Kfcy8rX4sP_UhKhckg,9,2025-10-01T17:13:20Z,2025-10-01T17:13:20Z,True,Ugw9rQeg5QaOh7MNlGl4AaABAg.ANjixb_YOcmANk4ZNlk-oj,0,True,2025-10-02T18:10:42.088544
Ugw9rQeg5QaOh7MNlGl4AaABAg.ANjixb_YOcmANkDtD8Yc7R,qjPH9njnaVU,"Lol won international high-school and university world programming contests multiple times: ‚Äúah yeah, coding‚Äôs just a little hobby of mine‚Äù","Lol won international high-school and university world programming contests multiple times: ‚Äúah yeah, coding‚Äôs just a little hobby of mine‚Äù",@CruxDiariesRPG,https://yt3.ggpht.com/LaQRxFMqnNKSbT2UUaIl-qWNdbMOx8dTPuVyQaCwzYcu7L-HbOFwgHWCfmrIROcSQye0c8LZzg=s48-c-k-c0x00ffffff-no-rj,http://www.youtube.com/@CruxDiariesRPG,UCJJHTRljOHDs5FH5RSWPWrA,15,2025-10-01T18:34:49Z,2025-10-01T18:34:49Z,True,Ugw9rQeg5QaOh7MNlGl4AaABAg.ANjixb_YOcmANkDtD8Yc7R,0,True,2025-10-02T18:10:42.089134
Ugw9rQeg5QaOh7MNlGl4AaABAg.ANjixb_YOcmANkEWeaEJPx,qjPH9njnaVU,‚Äã@@CruxDiariesRPGyeah üòÖ. He was quite modest in that aspect cause he had super high standards for himself (like all of us at that time ),‚Äã@@CruxDiariesRPGyeah üòÖ. He was quite modest in that aspect cause he had super high standards for himself (like all of us at that time ),@Mpiman,https://yt3.ggpht.com/mOAetvI4mA-NNigJd5Q0Nw5KKx5yizY_mHIkvSD-QDEY5CW10fruqW9ztdOXipGp6BZtUSgW7A=s48-c-k-c0x00ffffff-no-rj,http://www.youtube.com/@Mpiman,UCZDS7vXmZ_ycFIcuWs-xSzw,7,2025-10-01T18:40:21Z,2025-10-01T18:40:21Z,True,Ugw9rQeg5QaOh7MNlGl4AaABAg.ANjixb_YOcmANkEWeaEJPx,0,True,2025-10-02T18:10:42.089666
Ugw9rQeg5QaOh7MNlGl4AaABAg.ANjixb_YOcmANkF-qfR8gz,qjPH9njnaVU,Anton Rosenberg&#39;s famous Medium post does shed some light on who Nikolai Durov is.. :D,Anton Rosenberg's famous Medium post does shed some light on who Nikolai Durov is.. :D,@JackSmith-go4ef,https://yt3.ggpht.com/ytc/AIdro_lQ38vV-0tkMhufACN5OuKy7b1ZOLEpF0eyCITWAIo=s48-c-k-c0x00ffffff-no-rj,http://www.youtube.com/@JackSmith-go4ef,UCq7JrpqA6D4hK3s5YKXmbmg,0,2025-10-01T18:44:36Z,2025-10-01T18:44:36Z,True,Ugw9rQeg5QaOh7MNlGl4AaABAg.ANjixb_YOcmANkF-qfR8gz,0,True,2025-10-02T18:10:42.089901
Ugw9rQeg5QaOh7MNlGl4AaABAg.ANjixb_YOcmANkFfLK1WtF,qjPH9njnaVU,‚Äã@@JackSmith-go4ef –ö–æ—Ç,‚Äã@@JackSmith-go4ef –ö–æ—Ç,@–ó–±–∏–≥–Ω–µ–≤–ë–∂–µ–∑–∏–Ω—Å–∫–∏–π-—å8–∫,https://yt3.ggpht.com/ytc/AIdro_ksmHNsVXLXLqX-u2n9axcY3cu8EUwToPnUb2jnEg8=s48-c-k-c0x00ffffff-no-rj,http://www.youtube.com/@%D0%97%D0%B1%D0%B8%D0%B3%D0%BD%D0%B5%D0%B2%D0%91%D0%B6%D0%B5%D0%B7%D0%B8%D0%BD%D1%81%D0%BA%D0%B8%D0%B9-%D1%8C8%D0%BA,UCcrgzFDKwQmh5yrcPbnx0dw,0,2025-10-01T18:50:24Z,2025-10-01T18:50:24Z,True,Ugw9rQeg5QaOh7MNlGl4AaABAg.ANjixb_YOcmANkFfLK1WtF,0,True,2025-10-02T18:10:42.089994
Ugwqtl9pI77bY3gNPwZ4AaABAg,qjPH9njnaVU,"Lex, we need an interview with his brother, please üôÇ he has a crazy CV  :))","Lex, we need an interview with his brother, please üôÇ he has a crazy CV  :))",@Bujorfitness,https://yt3.ggpht.com/_W1RY9FU8HWZdNArhIOKaG3dV9m46MNvZS-FNHeEUQ5jbOLxn6jlQj4LFqPzfXnZDHZ6-KkL=s48-c-k-c0x00ffffff-no-rj,http://www.youtube.com/@Bujorfitness,UCTP8AlByf0HuQA-CQHyyoeQ,481,2025-10-01T07:54:07Z,2025-10-01T07:54:07Z,False,,7,True,2025-10-02T18:10:42.090198
Ugwqtl9pI77bY3gNPwZ4AaABAg.ANj4ZZWSKL9ANkEo6qfsHU,qjPH9njnaVU,Never gonna happen ü§£ Nikolay will never agree to it,Never gonna happen ü§£ Nikolay will never agree to it,@Mpiman,https://yt3.ggpht.com/mOAetvI4mA-NNigJd5Q0Nw5KKx5yizY_mHIkvSD-QDEY5CW10fruqW9ztdOXipGp6BZtUSgW7A=s48-c-k-c0x00ffffff-no-rj,http://www.youtube.com/@Mpiman,UCZDS7vXmZ_ycFIcuWs-xSzw,33,2025-10-01T18:42:52Z,2025-10-01T18:42:52Z,True,Ugwqtl9pI77bY3gNPwZ4AaABAg.ANj4ZZWSKL9ANkEo6qfsHU,0,True,2025-10-02T18:10:42.090352
Ugwqtl9pI77bY3gNPwZ4AaABAg.ANj4ZZWSKL9ANkROD2DgQ5,qjPH9njnaVU,"highly unlikely, yes","highly unlikely, yes",@themisfitoddity,https://yt3.ggpht.com/ytc/AIdro_kGl3MoLuFxHrTUFVaXsKAdp-zAUbuv3NnZpwdcwx4=s48-c-k-c0x00ffffff-no-rj,http://www.youtube.com/@themisfitoddity,UCLP6YtZBBH79JBLW8DnWGJA,6,2025-10-01T20:32:47Z,2025-10-01T20:32:47Z,True,Ugwqtl9pI77bY3gNPwZ4AaABAg.ANj4ZZWSKL9ANkROD2DgQ5,0,True,2025-10-02T18:10:42.090438
Ugwqtl9pI77bY3gNPwZ4AaABAg.ANj4ZZWSKL9ANlFOvLdl4L,qjPH9njnaVU,Pavel Durov forcibly banned his brother Nikolai from giving interviews. He has no freedom - his brother slave.,Pavel Durov forcibly banned his brother Nikolai from giving interviews. He has no freedom - his brother slave.,@chelol208,https://yt3.ggpht.com/c6kYXVsca4iTiwe93KMhGG2KfDMHexPtTlfYUWcB1KN2SIXMRfbSGhRMTnb7FPetil3xh5KW=s48-c-k-c0x00ffffff-no-rj,http://www.youtube.com/@chelol208,UCYLxF-q3CrJRiJJXjBM60zg,5,2025-10-02T04:07:16Z,2025-10-02T04:08:03Z,True,Ugwqtl9pI77bY3gNPwZ4AaABAg.ANj4ZZWSKL9ANlFOvLdl4L,0,True,2025-10-02T18:10:42.090702
Ugwqtl9pI77bY3gNPwZ4AaABAg.ANj4ZZWSKL9ANlPC2VOd6p,qjPH9njnaVU,"‚Äã@@chelol208bro, watafakkk","‚Äã@@chelol208bro, watafakkk",@QutuzDust,https://yt3.ggpht.com/ytc/AIdro_k40RWE_g69humquYu6aIJoPrWWp7Nn4a9sSyNNOYknTPtbfVDnqabmGsWkidpaSBGY0Q=s48-c-k-c0x00ffffff-no-rj,http://www.youtube.com/@QutuzDust,UC0CamPeqzlmImMbEYmnonSQ,1,2025-10-02T05:32:53Z,2025-10-02T05:32:53Z,True,Ugwqtl9pI77bY3gNPwZ4AaABAg.ANj4ZZWSKL9ANlPC2VOd6p,0,True,2025-10-02T18:10:42.090793
UgzD2eSM5fVzSF4irR94AaABAg,qjPH9njnaVU,this interview will inspire us to do pushups for the next 2 months,this interview will inspire us to do pushups for the next 2 months,@promptbar,https://yt3.ggpht.com/Gly41KnXiiJ_Z6foZBSO8UbW_znygHraqtIVT-bqW3CuSSw4SUFaTCaog76lM7RYXJJBeQ3JJg=s48-c-k-c0x00ffffff-no-rj,http://www.youtube.com/@promptbar,UCfAR6Jp9nQTCPva3yh2BOGA,607,2025-09-30T20:35:49Z,2025-09-30T20:35:49Z,False,,8,True,2025-10-02T18:10:42.092801
UgzD2eSM5fVzSF4irR94AaABAg.ANhrwYokTpxANhtlHnyl26,qjPH9njnaVU,"2 days, rather üòÇüòÇüòÇ","2 days, rather üòÇüòÇüòÇ",@paulkiss1981,https://yt3.ggpht.com/ytc/AIdro_kaFYmSVcBG6Mr3QuHgo5INt2IIU0akDkZKtpTWB_sgpJY=s48-c-k-c0x00ffffff-no-rj,http://www.youtube.com/@paulkiss1981,UCQ08E5gjpOkZ4bnT5lCxvRQ,30,2025-09-30T20:51:45Z,2025-09-30T20:51:45Z,True,UgzD2eSM5fVzSF4irR94AaABAg.ANhrwYokTpxANhtlHnyl26,0,True,2025-10-02T18:10:42.092890
UgzD2eSM5fVzSF4irR94AaABAg.ANhrwYokTpxANipWfku88b,qjPH9njnaVU,Gave up already.,Gave up already.,@SysoevFM,https://yt3.ggpht.com/ytc/AIdro_lZmVfzy03ky5cGPraMPP0txjZLIfSCyiAEmyoviAw=s48-c-k-c0x00ffffff-no-rj,http://www.youtube.com/@SysoevFM,UCJy5be-EMWoeiaiATzhhXbQ,21,2025-10-01T05:33:55Z,2025-10-01T05:33:55Z,True,UgzD2eSM5fVzSF4irR94AaABAg.ANhrwYokTpxANipWfku88b,0,True,2025-10-02T18:10:42.092987
UgzD2eSM5fVzSF4irR94AaABAg.ANhrwYokTpxANj5D9WOzYG,qjPH9njnaVU,2 minutes lol,2 minutes lol,@aardvarkmindshank,https://yt3.ggpht.com/ytc/AIdro_lJufcxQTSlttFJMl0p-_vzHzhlqaEozfQsvBXSOjyI-QjU=s48-c-k-c0x00ffffff-no-rj,http://www.youtube.com/@aardvarkmindshank,UCn_XAcGK_gJ66wMC51pn9AQ,11,2025-10-01T07:59:48Z,2025-10-01T07:59:48Z,True,UgzD2eSM5fVzSF4irR94AaABAg.ANhrwYokTpxANj5D9WOzYG,0,True,2025-10-02T18:10:42.093070
UgxPXYmK4bQxKXa7jS54AaABAg,qjPH9njnaVU,"Props to Lex and the team. Accurate timestamps on each video, translation and transcript options, great audio quality, structured yet open dialogue. They really go above and beyond to ensure their guests can share freely, and people can listen and watch easily.","Props to Lex and the team. Accurate timestamps on each video, translation and transcript options, great audio quality, structured yet open dialogue. They really go above and beyond to ensure their guests can share freely, and people can listen and watch easily.",@FunderDuck,https://yt3.ggpht.com/lC_sFBNFUUZ224jd4nKiCS8ekdkhCq5gCSKMpIZMWVzOr0Y2bj8iJDM0rv4IUDkj_1daade2yA=s48-c-k-c0x00ffffff-no-rj,http://www.youtube.com/@FunderDuck,UCgV_4gwUKIxJyfS9cjA-rrA,165,2025-09-30T20:15:40Z,2025-09-30T20:15:40Z,False,,3,True,2025-10-02T18:10:42.095016
UgxPXYmK4bQxKXa7jS54AaABAg.ANhpcwMhwCaANjG8aEf1Pt,qjPH9njnaVU,"A bot would do a better job as interviewer, at least a bot would sound and look more alive","A bot would do a better job as interviewer, at least a bot would sound and look more alive",@OtaBengaBokongo,https://yt3.ggpht.com/-QkBD11RjUw58hYbwVnr0iFlSlFVCqJyJFoYQ-B4L0c-7JbO4sd3jx1ft45f9P8JtEMS-Wrs=s48-c-k-c0x00ffffff-no-rj,http://www.youtube.com/@OtaBengaBokongo,UCQYPq3TnTyDh4lta_H2259A,0,2025-10-01T09:35:18Z,2025-10-01T09:35:18Z,True,UgxPXYmK4bQxKXa7jS54AaABAg.ANhpcwMhwCaANjG8aEf1Pt,0,True,2025-10-02T18:10:42.095266
UgxPXYmK4bQxKXa7jS54AaABAg.ANhpcwMhwCaANjShI22-ty,qjPH9njnaVU,"‚Å†@@OtaBengaBokongoLex is trying to present and make room for important questions and thoughts, not to entertain. If you‚Äôre looking for amusement, there are thousands of other podcasts out there where they‚Äôll sing and dance to keep you distracted.","‚Å†@@OtaBengaBokongoLex is trying to present and make room for important questions and thoughts, not to entertain. If you‚Äôre looking for amusement, there are thousands of other podcasts out there where they‚Äôll sing and dance to keep you distracted.",@FunderDuck,https://yt3.ggpht.com/lC_sFBNFUUZ224jd4nKiCS8ekdkhCq5gCSKMpIZMWVzOr0Y2bj8iJDM0rv4IUDkj_1daade2yA=s48-c-k-c0x00ffffff-no-rj,http://www.youtube.com/@FunderDuck,UCgV_4gwUKIxJyfS9cjA-rrA,1,2025-10-01T11:25:01Z,2025-10-01T11:25:01Z,True,UgxPXYmK4bQxKXa7jS54AaABAg.ANhpcwMhwCaANjShI22-ty,0,True,2025-10-02T18:10:42.095849
UgxPXYmK4bQxKXa7jS54AaABAg.ANhpcwMhwCaANkaYbS4k-7,qjPH9njnaVU,I understand it was a major project that required quite an investment in time! Very unique!,I understand it was a major project that required quite an investment in time! Very unique!,@SuperMemoVideo,https://yt3.ggpht.com/ytc/AIdro_luy1AFZUci2km72mcNGdySwcVaP6AOF_Qltf-7o6WLJyU=s48-c-k-c0x00ffffff-no-rj,http://www.youtube.com/@SuperMemoVideo,UCqmYtieCc3liSTYxLwk_MLw,1,2025-10-01T22:01:35Z,2025-10-01T22:01:56Z,True,UgxPXYmK4bQxKXa7jS54AaABAg.ANhpcwMhwCaANkaYbS4k-7,0,True,2025-10-02T18:10:42.096110
UgyiizdTxdMXwBtnQ-h4AaABAg,qjPH9njnaVU,"Damn, these guys are exactly the kind of future you want to chase. Innovation, freedom, a proactive lifestyle ‚Äî basically, a whole cult of life. A man who built himself and now aims to give life to others. No BLM, no censorship, no bureaucracy, no idiotic wars just to preserve one dictatorship against the threat of another.<br>–ê –µ—â–µ –ø–∞—Ä–Ω–∏, –∏—Å–∫—Ä–µ–Ω–Ω–µ —Ä–∞–¥—É—é—Å—å —Å–∫–æ–ª—å–∫–æ –∂–µ —Ç–∞–ª–∞–Ω—Ç–ª–∏–≤—ã—Ö —Ä–µ–±—è—Ç –ø–æ—Ä–æ–¥–∏–ª–æ –Ω–∞—à–µ –ø—Ä–æ—Å—Ç—Ä–∞–Ω—Å—Ç–≤–æ –°–ù–ì. –°–∫–æ–ª—å–∫–æ —Ç–∞–ª–∞–Ω—Ç–ª–∏–≤—ã—Ö –ª—é–¥–µ–π –Ω–µ –±–ª–∞–≥–æ–¥–∞—Ä—è –∞ –≤–æ–ø—Ä–µ–∫–∏ —Å–æ–∑–¥–∞–ª–∏ —á—Ç–æ-—Ç–æ –≤–µ–ª–∏–∫–æ–µ","Damn, these guys are exactly the kind of future you want to chase. Innovation, freedom, a proactive lifestyle ‚Äî basically, a whole cult of life. A man who built himself and now aims to give life to others. No BLM, no censorship, no bureaucracy, no idiotic wars just to preserve one dictatorship against the threat of another.
–ê –µ—â–µ –ø–∞—Ä–Ω–∏, –∏—Å–∫—Ä–µ–Ω–Ω–µ —Ä–∞–¥—É—é—Å—å —Å–∫–æ–ª—å–∫–æ –∂–µ —Ç–∞–ª–∞–Ω—Ç–ª–∏–≤—ã—Ö —Ä–µ–±—è—Ç –ø–æ—Ä–æ–¥–∏–ª–æ –Ω–∞—à–µ –ø—Ä–æ—Å—Ç—Ä–∞–Ω—Å—Ç–≤–æ –°–ù–ì. –°–∫–æ–ª—å–∫–æ —Ç–∞–ª–∞–Ω—Ç–ª–∏–≤—ã—Ö –ª—é–¥–µ–π –Ω–µ –±–ª–∞–≥–æ–¥–∞—Ä—è –∞ –≤–æ–ø—Ä–µ–∫–∏ —Å–æ–∑–¥–∞–ª–∏ —á—Ç–æ-—Ç–æ –≤–µ–ª–∏–∫–æ–µ",@dmitryshevchenko5040,https://yt3.ggpht.com/ytc/AIdro_nubSvF_QIJZO67x0RTzr0dRQf-2fqTuHBNzlrfcwGMIQ=s48-c-k-c0x00ffffff-no-rj,http://www.youtube.com/@dmitryshevchenko5040,UCet4MbAPndF11FwOYfXmjOg,104,2025-10-01T10:29:18Z,2025-10-01T10:29:18Z,False,,5,True,2025-10-02T18:10:42.097482
UgyiizdTxdMXwBtnQ-h4AaABAg.ANjMK-N7PJVANmKW8EhJuq,qjPH9njnaVU,he is a scum talking to a jew (this comment will be deleted),he is a scum talking to a jew (this comment will be deleted),@zygimantastauras,https://yt3.ggpht.com/ytc/AIdro_k05guB4UxckdHviyA9mNIcA1K9N78nXVqL1-mmp9hbF0bL=s48-c-k-c0x00ffffff-no-rj,http://www.youtube.com/@zygimantastauras,UCY9jekEF46oAa8eohNak_LA,0,2025-10-02T14:11:11Z,2025-10-02T14:11:11Z,True,UgyiizdTxdMXwBtnQ-h4AaABAg.ANjMK-N7PJVANmKW8EhJuq,0,True,2025-10-02T18:10:42.098186
UgxKYT_eCXlMiZjIOCF4AaABAg,qjPH9njnaVU,"Telegram has had a great impact on secure communications for us Iranians. Thank you, Pavel.","Telegram has had a great impact on secure communications for us Iranians. Thank you, Pavel.",@merfanizade8674,https://yt3.ggpht.com/pDBptAtKyDrO5NTtOkGcQSxRFbRacPcmSeWVJOBXb3b6CxVv6-4p3TsZMXyyfZnw3p_TAIJu8A=s48-c-k-c0x00ffffff-no-rj,http://www.youtube.com/@merfanizade8674,UC_jnEY4U5b4_Jf_lGyNHLog,8,2025-10-02T07:49:06Z,2025-10-02T07:49:06Z,False,,0,True,2025-10-02T18:10:42.098907
Ugxw5qw450niRcSsknV4AaABAg,qjPH9njnaVU,Legendary! Thank you so much Lex. You managed to achieve what Yuri Dud&#39; never could.,Legendary! Thank you so much Lex. You managed to achieve what Yuri Dud' never could.,@alexv1032,https://yt3.ggpht.com/7usTPEsvo9Acv9GD9j-ZGL1e9lA8-3nxKpjzEUcBn8_J9aS4WfTl8RbFYXjSUJ-NUOq2l2tPX9s=s48-c-k-c0x00ffffff-no-rj,http://www.youtube.com/@alexv1032,UC6iIIeD0xKtnrWLxL23htKw,893,2025-09-30T19:40:12Z,2025-09-30T19:40:12Z,False,,69,True,2025-10-02T18:10:42.099139
Ugxw5qw450niRcSsknV4AaABAg.ANhl_8kXSWcANhmC8Uieif,qjPH9njnaVU,why are you mentioning yuri dud&#39;? did he try to get him on his show before and pavel declined?,why are you mentioning yuri dud'? did he try to get him on his show before and pavel declined?,@prpl__5115,https://yt3.ggpht.com/0cGuGLRTqvoPGFFct4usLPMCVRbwbOW792_bBJxqegyiZ93wzmJv2NMB8yl66qWdIWrlWK_7=s48-c-k-c0x00ffffff-no-rj,http://www.youtube.com/@prpl__5115,UCK3g11YsgoZWunkmgo-QXaw,8,2025-09-30T19:45:39Z,2025-09-30T19:45:39Z,True,Ugxw5qw450niRcSsknV4AaABAg.ANhl_8kXSWcANhmC8Uieif,0,True,2025-10-02T18:10:42.099721
Ugxw5qw450niRcSsknV4AaABAg.ANhl_8kXSWcANhmYSoG7Kq,qjPH9njnaVU,Because Dud&#39; would ask question about his betrayal of russian society.,Because Dud' would ask question about his betrayal of russian society.,@seronimome9294,https://yt3.ggpht.com/ytc/AIdro_l2DLKYJQizjD9DIeLJeueuALtWLuP_YrwT5R7omkM=s48-c-k-c0x00ffffff-no-rj,http://www.youtube.com/@seronimome9294,UCn6NmcJzmHyCEBKRzvfCotQ,29,2025-09-30T19:48:42Z,2025-09-30T19:48:54Z,True,Ugxw5qw450niRcSsknV4AaABAg.ANhl_8kXSWcANhmYSoG7Kq,0,True,2025-10-02T18:10:42.099914
Ugxw5qw450niRcSsknV4AaABAg.ANhl_8kXSWcANho8znoIVf,qjPH9njnaVU,I like it when someone writes in English about what only people from their country or environment understand. Fantastic understanding of the surrounding world and the processes in it. Bravo!,I like it when someone writes in English about what only people from their country or environment understand. Fantastic understanding of the surrounding world and the processes in it. Bravo!,@rotro2470,https://yt3.ggpht.com/uZroNoxyQnrh__OMTihJLPKDiq4FUa917AKFJ3oO0diZBcXrsbJ8OtysZeHFuhWENVXlg_M8Iw=s48-c-k-c0x00ffffff-no-rj,http://www.youtube.com/@rotro2470,UCBbwruganP1XqHCSeyGL2wA,13,2025-09-30T20:02:42Z,2025-09-30T20:02:42Z,True,Ugxw5qw450niRcSsknV4AaABAg.ANhl_8kXSWcANho8znoIVf,0,True,2025-10-02T18:10:42.100887
Ugzt8Lu5lkazQBwGSTN4AaABAg,qjPH9njnaVU,"I&#39;ve watched full podcast and have took notes. He&#39;s personally is super awesome. Habit, health, mindset ‚ù§","I've watched full podcast and have took notes. He's personally is super awesome. Habit, health, mindset ‚ù§",@rafid_is,https://yt3.ggpht.com/iMbbXhJFntw3ebsFlT4Hhw3kSfDzhs8AxH8G_qy3cSKwo1YBIPzYOsXN2cBEjGWULCIHQOwmLFM=s48-c-k-c0x00ffffff-no-rj,http://www.youtube.com/@rafid_is,UCe4I7el7PJisWykCamnTo0w,1,2025-10-02T17:45:45Z,2025-10-02T17:45:45Z,False,,0,True,2025-10-02T18:10:42.102136
UgxnckCIOagjHpRnMzZ4AaABAg,qjPH9njnaVU,I really appreciate this and I‚Äôm thankful for it because I‚Äôm going to show it to my children to help them navigate. They are 10 and 13 years old. I ride that grey line with them and also totally embrace tech at once. The balance is there. I think humanity will intrinsically find it and I‚Äôm positive about this as long as love and empathy pervade: Lex. I‚Äôm thankful for you and I support you.,I really appreciate this and I‚Äôm thankful for it because I‚Äôm going to show it to my children to help them navigate. They are 10 and 13 years old. I ride that grey line with them and also totally embrace tech at once. The balance is there. I think humanity will intrinsically find it and I‚Äôm positive about this as long as love and empathy pervade: Lex. I‚Äôm thankful for you and I support you.,@jeffreyjohnson311,https://yt3.ggpht.com/ytc/AIdro_ngih2jtRXbKLc4v80pxugkSR5Pha4YwHuvuRq93lmowM8=s48-c-k-c0x00ffffff-no-rj,http://www.youtube.com/@jeffreyjohnson311,UCjjqd46TneBwjSPADJzKR4A,33,2025-10-01T05:09:31Z,2025-10-01T05:09:31Z,False,,1,True,2025-10-02T18:10:42.103032
UgxnckCIOagjHpRnMzZ4AaABAg.ANimiwNfVRBANinUuDrzij,qjPH9njnaVU,This is Sigma / 41 can you hang?,This is Sigma / 41 can you hang?,@jeffreyjohnson311,https://yt3.ggpht.com/ytc/AIdro_ngih2jtRXbKLc4v80pxugkSR5Pha4YwHuvuRq93lmowM8=s48-c-k-c0x00ffffff-no-rj,http://www.youtube.com/@jeffreyjohnson311,UCjjqd46TneBwjSPADJzKR4A,1,2025-10-01T05:16:12Z,2025-10-01T05:16:12Z,True,UgxnckCIOagjHpRnMzZ4AaABAg.ANimiwNfVRBANinUuDrzij,0,True,2025-10-02T18:10:42.103176
Ugz9OnmBDgHdU-cPMZJ4AaABAg.ANlG7A01WnCANmQ5iG19M6,qjPH9njnaVU,‚Äã@@alexanderfischer3402–Ω–µ –ª—é–±—è—Ç –æ—Ç–∂–∏–º–∞–Ω–∏—è?,‚Äã@@alexanderfischer3402–Ω–µ –ª—é–±—è—Ç –æ—Ç–∂–∏–º–∞–Ω–∏—è?,@veryveryveryvery161,https://yt3.ggpht.com/OKKE5sT696Yev1jqkcOcSBRf3_mmiHyh_iBjYJhR-aLo_l1NXs_MRFUvzLWYWZAFJorGZDjU=s48-c-k-c0x00ffffff-no-rj,http://www.youtube.com/@veryveryveryvery161,UCWTtn6TgvmmSUMakKPf8HVQ,1,2025-10-02T15:00:00Z,2025-10-02T15:00:00Z,True,Ugz9OnmBDgHdU-cPMZJ4AaABAg.ANlG7A01WnCANmQ5iG19M6,0,True,2025-10-02T18:10:42.103890
Ugz6T2YqNP7OwUVLPUB4AaABAg,qjPH9njnaVU,"For the first time, I shall thumb it up before even watching the video(Not that the behaviour is important to anyoneüòÇ), Telegram is such a thing to learn about even for non-users.‚ù§","For the first time, I shall thumb it up before even watching the video(Not that the behaviour is important to anyoneüòÇ), Telegram is such a thing to learn about even for non-users.‚ù§",@MerePasser-by-7482,https://yt3.ggpht.com/ytc/AIdro_k18TQOefWzLa5SvdJmEE0dDZLfk4am4CaTqv-UUpCP4ll3lucs6Ttsxlbnh6UOy4Y8dw=s48-c-k-c0x00ffffff-no-rj,http://www.youtube.com/@MerePasser-by-7482,UCyI4Cyibwgw2R_pk4gErIzg,19,2025-10-01T05:32:46Z,2025-10-01T05:32:46Z,False,,0,True,2025-10-02T18:10:42.104488
UgzwVm1D-8gAr4664d14AaABAg,qjPH9njnaVU,"hindi me audio dene ke liye dhanyawaad mere bhai lex ,love from BHARAT. Aur sabhi bhiyo ko dhanyawaad jo like kiye","hindi me audio dene ke liye dhanyawaad mere bhai lex ,love from BHARAT. Aur sabhi bhiyo ko dhanyawaad jo like kiye",@risingindia7578,https://yt3.ggpht.com/ytc/AIdro_n9EYBQD85sOM1H-fH_EXS41In4A0GZdstMLAG-pLY6TF8=s48-c-k-c0x00ffffff-no-rj,http://www.youtube.com/@risingindia7578,UCuZTGMkNailhf01rnCfVYLQ,10,2025-10-01T16:55:50Z,2025-10-01T16:55:50Z,False,,0,True,2025-10-02T18:10:42.105021
